{"stats":{"minecraft:used":{"minecraft:wooden_axe":34,"minecraft:sweet_berries":17,"minecraft:crafting_table":1},"minecraft:custom":{"minecraft:time_since_rest":11293,"minecraft:play_time":11293,"minecraft:sprint_one_cm":36692,"minecraft:damage_taken":200,"minecraft:walk_one_cm":24833,"minecraft:walk_under_water_one_cm":2206,"minecraft:mob_kills":4,"minecraft:jump":81,"minecraft:damage_dealt":400,"minecraft:leave_game":2,"minecraft:time_since_death":11293,"minecraft:walk_on_water_one_cm":2452,"minecraft:total_world_time":11293,"minecraft:swim_one_cm":7488,"minecraft:interact_with_crafting_table":1,"minecraft:fall_one_cm":1444,"minecraft:fly_one_cm":12341},"minecraft:crafted":{"minecraft:crafting_table":1,"minecraft:spruce_planks":28,"minecraft:stick":8,"minecraft:wooden_pickaxe":1,"minecraft:wooden_axe":1},"minecraft:picked_up":{"minecraft:crafting_table":1,"minecraft:sweet_berries":49,"minecraft:wheat_seeds":1,"minecraft:porkchop":8,"minecraft:spruce_log":7},"minecraft:killed":{"minecraft:pig":4},"minecraft:mined":{"minecraft:large_fern":5,"minecraft:short_grass":1,"minecraft:sweet_berry_bush":19,"minecraft:spruce_leaves":15,"minecraft:spruce_log":7,"minecraft:fern":1,"minecraft:crafting_table":1}},"DataVersion":3955}