{"stats":{"minecraft:used":{"minecraft:wooden_axe":51,"minecraft:wooden_pickaxe":21,"minecraft:sweet_berries":34,"minecraft:crafting_table":1},"minecraft:custom":{"minecraft:time_since_rest":22532,"minecraft:sprint_one_cm":60134,"minecraft:damage_taken":440,"minecraft:walk_one_cm":38897,"minecraft:mob_kills":8,"minecraft:drop":2,"minecraft:damage_dealt":958,"minecraft:interact_with_crafting_table":1,"minecraft:swim_one_cm":40236,"minecraft:fly_one_cm":19384,"minecraft:crouch_one_cm":26,"minecraft:play_time":22532,"minecraft:sneak_time":5,"minecraft:walk_under_water_one_cm":10254,"minecraft:jump":141,"minecraft:leave_game":3,"minecraft:walk_on_water_one_cm":13686,"minecraft:time_since_death":22532,"minecraft:total_world_time":22532,"minecraft:fall_one_cm":2191},"minecraft:crafted":{"minecraft:crafting_table":1,"minecraft:spruce_planks":28,"minecraft:stick":8,"minecraft:wooden_pickaxe":1,"minecraft:wooden_axe":1},"minecraft:broken":{"minecraft:wooden_axe":1},"minecraft:picked_up":{"minecraft:crafting_table":1,"minecraft:sweet_berries":49,"minecraft:porkchop":8,"minecraft:spruce_log":7,"minecraft:string":4,"minecraft:wheat_seeds":1,"minecraft:mutton":3,"minecraft:white_wool":2},"minecraft:dropped":{"minecraft:sweet_berries":2},"minecraft:killed":{"minecraft:sheep":2,"minecraft:pig":4,"minecraft:spider":2},"minecraft:mined":{"minecraft:large_fern":5,"minecraft:tall_seagrass":2,"minecraft:sweet_berry_bush":19,"minecraft:spruce_log":7,"minecraft:crafting_table":1,"minecraft:short_grass":1,"minecraft:spruce_leaves":16,"minecraft:fern":1}},"DataVersion":3955}